4.145e+1, 1.066e-6
7.549e+1, 1.088e-6
1.027e+2, 1.270e-6
1.129e+2, 1.482e-6
1.129e+2, 1.376e-6
1.351e+2, 1.814e-6
1.606e+2, 2.034e-6
1.946e+2, 2.034e-6
2.287e+2, 1.902e-6
2.627e+2, 1.814e-6
2.882e+2, 1.770e-6
3.308e+2, 1.682e-6
3.648e+2, 1.594e-6
3.989e+2, 1.506e-6
4.329e+2, 1.462e-6
4.669e+2, 1.440e-6
5.010e+2, 1.396e-6
5.350e+2, 1.308e-6
5.691e+2, 1.198e-6
6.031e+2, 1.286e-6
6.371e+2, 1.330e-6
6.712e+2, 1.286e-6
7.052e+2, 1.242e-6
7.393e+2, 1.242e-6
7.733e+2, 1.198e-6
8.073e+2, 1.198e-6
8.414e+2, 1.154e-6
8.754e+2, 1.066e-6
9.095e+2, 1.110e-6
9.435e+2, 1.110e-6
9.775e+2, 1.044e-6
1.012e+3, 1.022e-6
1.046e+3, 1.022e-6
1.080e+3, 1.022e-6
1.114e+3, 9.562e-7
1.148e+3, 9.342e-7
1.182e+3, 9.342e-7
1.216e+3, 9.342e-7
1.267e+3, 9.008e-7
1.267e+3, 9.008e-7
1.277e+3, 9.272e-7
1.277e+3, 9.536e-7
1.277e+3, 9.008e-7
1.277e+3, 9.272e-7
1.284e+3, 9.782e-7
1.287e+3, 9.536e-7
1.308e+3, 9.536e-7
1.308e+3, 9.536e-7
1.308e+3, 9.536e-7
1.308e+3, 9.536e-7
1.318e+3, 9.800e-7
1.328e+3, 1.059e-6
1.338e+3, 1.033e-6
1.338e+3, 1.033e-6
1.343e+3, 1.040e-6
1.379e+3, 1.218e-6
1.395e+3, 1.277e-6
1.400e+3, 1.376e-6
1.410e+3, 1.376e-6
1.420e+3, 1.376e-6
1.420e+3, 1.534e-6
1.425e+3, 1.983e-6
1.429e+3, 3.751e-6
1.429e+3, 3.575e-6
1.430e+3, 4.016e-6
1.430e+3, 3.330e-6
1.430e+3, 3.119e-6
1.430e+3, 3.013e-6
1.430e+3, 2.855e-6
1.430e+3, 2.749e-6
1.430e+3, 2.485e-6
1.435e+3, 2.327e-6
1.435e+3, 2.168e-6
1.435e+3, 2.538e-6
1.440e+3, 4.386e-6
1.440e+3, 4.228e-6
1.440e+3, 4.069e-6
1.446e+3, 4.895e-6
1.446e+3, 4.763e-6
1.451e+3, 4.492e-6
1.454e+3, 5.907e-6
1.454e+3, 5.731e-6
1.454e+3, 5.555e-6
1.454e+3, 5.379e-6
1.454e+3, 5.203e-6
1.454e+3, 5.027e-6
1.457e+3, 6.127e-6
1.471e+3, 7.403e-6
1.471e+3, 7.227e-6
1.471e+3, 7.051e-6
1.471e+3, 6.875e-6
1.471e+3, 6.699e-6
1.471e+3, 6.523e-6
1.471e+3, 6.347e-6
1.488e+3, 6.127e-6
1.488e+3, 5.951e-6
1.488e+3, 5.775e-6
1.488e+3, 5.599e-6
1.488e+3, 5.423e-6
1.488e+3, 5.269e-6
1.497e+3, 5.071e-6
1.497e+3, 4.895e-6
1.497e+3, 4.719e-6
1.505e+3, 4.565e-6
1.512e+3, 3.488e-6
1.514e+3, 4.367e-6
1.514e+3, 4.191e-6
1.514e+3, 4.015e-6
1.514e+3, 3.839e-6
1.522e+3, 3.647e-6
1.522e+3, 3.330e-6
1.522e+3, 3.224e-6
1.531e+3, 3.046e-6
1.532e+3, 3.119e-6
1.532e+3, 2.643e-6
1.532e+3, 2.538e-6
1.532e+3, 2.379e-6
1.532e+3, 2.274e-6
1.532e+3, 2.168e-6
1.532e+3, 2.063e-6
1.532e+3, 1.957e-6
1.532e+3, 2.379e-6
1.532e+3, 2.538e-6
1.532e+3, 2.855e-6
1.543e+3, 1.904e-6
1.543e+3, 1.640e-6
1.543e+3, 1.640e-6
1.543e+3, 2.749e-6
1.543e+3, 2.802e-6
1.548e+3, 1.904e-6
1.548e+3, 1.374e-6
1.548e+3, 1.066e-6
1.556e+3, 1.154e-6
1.565e+3, 9.342e-7
1.565e+3, 7.582e-7
1.573e+3, 5.822e-7
1.573e+3, 4.061e-7
1.573e+3, 2.741e-7
1.607e+3, 3.181e-7
1.641e+3, 2.961e-7
1.675e+3, 7.582e-7
1.675e+3, 5.822e-7
1.675e+3, 4.061e-7
1.675e+3, 2.301e-7
1.684e+3, 1.462e-6
1.684e+3, 1.286e-6
1.684e+3, 1.110e-6
1.684e+3, 9.342e-7
1.692e+3, 1.594e-6
1.695e+3, 1.814e-6
1.701e+3, 2.782e-6
1.701e+3, 2.606e-6
1.701e+3, 2.430e-6
1.701e+3, 2.254e-6
1.701e+3, 2.078e-6
1.709e+3, 3.090e-6
1.709e+3, 2.914e-6
1.712e+3, 3.310e-6
1.726e+3, 4.455e-6
1.726e+3, 4.279e-6
1.726e+3, 4.103e-6
1.726e+3, 3.927e-6
1.726e+3, 3.751e-6
1.726e+3, 3.575e-6
1.743e+3, 3.178e-6
1.743e+3, 3.002e-6
1.743e+3, 2.826e-6
1.746e+3, 3.398e-6
1.752e+3, 2.606e-6
1.752e+3, 2.430e-6
1.760e+3, 2.210e-6
1.760e+3, 2.034e-6
1.760e+3, 1.858e-6
1.760e+3, 1.682e-6
1.760e+3, 1.506e-6
1.769e+3, 1.286e-6
1.769e+3, 1.110e-6
1.769e+3, 9.342e-7
1.777e+3, 7.582e-7
1.777e+3, 5.822e-7
1.777e+3, 4.061e-7
1.777e+3, 2.301e-7
1.812e+3, 3.181e-7
1.846e+3, 3.181e-7
1.880e+3, 3.181e-7
1.914e+3, 3.181e-7
1.948e+3, 3.181e-7
1.982e+3, 3.401e-7
2.016e+3, 3.181e-7
2.050e+3, 3.181e-7
2.084e+3, 3.181e-7
2.118e+3, 3.181e-7
2.152e+3, 3.181e-7
2.186e+3, 3.181e-7
2.220e+3, 3.181e-7
2.254e+3, 3.181e-7
2.288e+3, 3.181e-7
2.322e+3, 3.181e-7
2.356e+3, 3.181e-7
2.390e+3, 3.181e-7
2.424e+3, 3.181e-7
2.458e+3, 3.181e-7
2.492e+3, 3.181e-7
2.526e+3, 3.181e-7
2.560e+3, 3.181e-7
2.594e+3, 3.181e-7
2.628e+3, 3.181e-7
2.663e+3, 3.181e-7
2.697e+3, 2.741e-7
2.731e+3, 2.301e-7
2.765e+3, 2.961e-7
2.799e+3, 3.181e-7
2.833e+3, 3.181e-7
2.867e+3, 3.181e-7
2.901e+3, 3.181e-7
2.935e+3, 3.181e-7
2.969e+3, 3.181e-7
3.003e+3, 3.181e-7
3.037e+3, 3.401e-7
3.071e+3, 4.061e-7
3.105e+3, 4.721e-7
3.139e+3, 4.942e-7
3.173e+3, 4.942e-7
3.207e+3, 5.162e-7
3.241e+3, 5.822e-7
3.275e+3, 6.482e-7
3.309e+3, 7.142e-7
3.343e+3, 7.582e-7
3.377e+3, 7.362e-7
3.411e+3, 8.462e-7
3.445e+3, 9.342e-7
3.479e+3, 1.000e-6
3.514e+3, 1.110e-6
3.548e+3, 1.154e-6
3.582e+3, 1.242e-6
3.616e+3, 1.330e-6
3.641e+3, 1.418e-6
3.653e+3, 1.565e-6
3.684e+3, 1.726e-6
3.718e+3, 1.814e-6
3.752e+3, 1.858e-6
3.786e+3, 1.924e-6
3.803e+3, 2.078e-6
3.820e+3, 2.254e-6
3.854e+3, 2.342e-6
3.888e+3, 2.474e-6
3.922e+3, 2.650e-6
3.948e+3, 2.738e-6
3.956e+3, 2.914e-6
3.990e+3, 3.090e-6
4.027e+3, 3.237e-6
4.050e+3, 3.354e-6
4.061e+3, 3.501e-6
4.092e+3, 3.707e-6
4.118e+3, 3.795e-6
4.126e+3, 3.927e-6
4.146e+3, 4.117e-6
4.169e+3, 4.235e-6
4.177e+3, 4.367e-6
4.211e+3, 4.455e-6
4.237e+3, 4.499e-6
4.245e+3, 4.653e-6
4.262e+3, 4.829e-6
4.282e+3, 4.997e-6
4.313e+3, 5.181e-6
4.330e+3, 5.335e-6
4.347e+3, 5.511e-6
4.367e+3, 5.701e-6
4.399e+3, 5.907e-6
4.433e+3, 6.083e-6
4.467e+3, 6.149e-6
4.484e+3, 6.303e-6
4.501e+3, 6.479e-6
4.518e+3, 6.655e-6
4.535e+3, 6.831e-6
4.552e+3, 7.029e-6
4.569e+3, 7.227e-6
4.603e+3, 7.403e-6
4.628e+3, 7.491e-6
4.637e+3, 7.645e-6
4.654e+3, 7.821e-6
4.671e+3, 7.997e-6
4.688e+3, 8.173e-6
4.705e+3, 8.327e-6
4.722e+3, 8.503e-6
4.742e+3, 8.694e-6
4.756e+3, 8.943e-6
4.776e+3, 9.134e-6
4.807e+3, 9.251e-6
4.833e+3, 9.339e-6
4.844e+3, 9.486e-6
4.867e+3, 9.603e-6
4.878e+3, 9.750e-6
4.895e+3, 1.001e-5
4.909e+3, 1.026e-5
4.926e+3, 1.046e-5
4.946e+3, 1.063e-5
4.969e+3, 1.075e-5
4.980e+3, 1.089e-5
5.003e+3, 1.092e-5
5.014e+3, 1.107e-5
5.037e+3, 1.123e-5
5.037e+3, 1.110e-5
5.048e+3, 1.142e-5
5.065e+3, 1.169e-5
5.096e+3, 1.185e-5
5.122e+3, 1.189e-5
5.130e+3, 1.202e-5
5.150e+3, 1.221e-5
5.164e+3, 1.246e-5
5.181e+3, 1.264e-5
5.198e+3, 1.282e-5
5.216e+3, 1.299e-5
5.233e+3, 1.317e-5
5.252e+3, 1.336e-5
5.275e+3, 1.348e-5
5.284e+3, 1.365e-5
5.301e+3, 1.387e-5
5.318e+3, 1.405e-5
5.337e+3, 1.424e-5
5.352e+3, 1.449e-5
5.372e+3, 1.468e-5
5.394e+3, 1.471e-5
5.406e+3, 1.485e-5
5.428e+3, 1.488e-5
5.440e+3, 1.503e-5
5.471e+3, 1.521e-5
5.488e+3, 1.539e-5
5.505e+3, 1.559e-5
5.525e+3, 1.582e-5
5.542e+3, 1.609e-5
5.556e+3, 1.634e-5
5.573e+3, 1.653e-5
5.590e+3, 1.671e-5
5.607e+3, 1.686e-5
5.627e+3, 1.705e-5
5.650e+3, 1.708e-5
5.661e+3, 1.723e-5
5.684e+3, 1.726e-5
5.692e+3, 1.744e-5
5.718e+3, 1.752e-5
5.726e+3, 1.766e-5
5.743e+3, 1.783e-5
5.760e+3, 1.805e-5
5.777e+3, 1.827e-5
5.794e+3, 1.849e-5
5.811e+3, 1.871e-5
5.828e+3, 1.889e-5
5.848e+3, 1.908e-5
5.871e+3, 1.920e-5
5.879e+3, 1.935e-5
5.899e+3, 1.952e-5
5.922e+3, 1.964e-5
5.933e+3, 1.978e-5
5.950e+3, 2.005e-5
5.964e+3, 2.030e-5
5.998e+3, 2.038e-5
6.032e+3, 2.049e-5
6.049e+3, 2.067e-5
6.069e+3, 2.084e-5
6.101e+3, 2.104e-5
6.126e+3, 2.118e-5
6.135e+3, 2.135e-5
6.152e+3, 2.153e-5
6.169e+3, 2.170e-5
6.188e+3, 2.190e-5
6.211e+3, 2.201e-5
6.220e+3, 2.214e-5
6.237e+3, 2.232e-5
6.254e+3, 2.250e-5
6.271e+3, 2.272e-5
6.305e+3, 2.276e-5
6.330e+3, 2.272e-5
6.342e+3, 2.286e-5
6.373e+3, 2.307e-5
6.393e+3, 2.330e-5
6.410e+3, 2.357e-5
6.424e+3, 2.382e-5
6.441e+3, 2.399e-5
6.461e+3, 2.418e-5
6.492e+3, 2.434e-5
6.529e+3, 2.445e-5
6.546e+3, 2.471e-5
6.560e+3, 2.496e-5
6.580e+3, 2.515e-5
6.611e+3, 2.534e-5
6.631e+3, 2.550e-5
6.654e+3, 2.562e-5
6.665e+3, 2.577e-5
6.696e+3, 2.589e-5
6.730e+3, 2.606e-5
6.764e+3, 2.615e-5
6.784e+3, 2.638e-5
6.801e+3, 2.665e-5
6.818e+3, 2.691e-5
6.849e+3, 2.699e-5
6.875e+3, 2.694e-5
6.883e+3, 2.707e-5
6.900e+3, 2.725e-5
6.918e+3, 2.743e-5
6.935e+3, 2.760e-5
6.952e+3, 2.778e-5
6.971e+3, 2.797e-5
7.003e+3, 2.809e-5
7.028e+3, 2.809e-5
7.039e+3, 2.823e-5
7.062e+3, 2.835e-5
7.071e+3, 2.850e-5
7.091e+3, 2.867e-5
7.113e+3, 2.879e-5
7.122e+3, 2.892e-5
7.156e+3, 2.892e-5
7.181e+3, 2.888e-5
7.190e+3, 2.903e-5
7.207e+3, 2.923e-5
7.241e+3, 2.936e-5
7.278e+3, 2.946e-5
7.292e+3, 2.971e-5
7.309e+3, 2.993e-5
7.329e+3, 3.017e-5
7.352e+3, 3.029e-5
7.363e+3, 3.043e-5
7.394e+3, 3.055e-5
7.428e+3, 3.070e-5
7.445e+3, 3.088e-5
7.465e+3, 3.105e-5
7.496e+3, 3.123e-5
7.513e+3, 3.139e-5
7.547e+3, 3.139e-5
7.573e+3, 3.134e-5
7.581e+3, 3.150e-5
7.598e+3, 3.169e-5
7.618e+3, 3.193e-5
7.649e+3, 3.187e-5
7.675e+3, 3.178e-5
7.686e+3, 3.193e-5
7.709e+3, 3.196e-5
7.717e+3, 3.211e-5
7.734e+3, 3.227e-5
7.751e+3, 3.244e-5
7.771e+3, 3.263e-5
7.803e+3, 3.273e-5
7.837e+3, 3.284e-5
7.862e+3, 3.293e-5
7.873e+3, 3.307e-5
7.896e+3, 3.319e-5
7.908e+3, 3.334e-5
7.939e+3, 3.354e-5
7.973e+3, 3.370e-5
7.990e+3, 3.387e-5
8.007e+3, 3.405e-5
8.024e+3, 3.420e-5
8.058e+3, 3.420e-5
8.083e+3, 3.416e-5
8.092e+3, 3.433e-5
8.126e+3, 3.449e-5
8.146e+3, 3.466e-5
8.168e+3, 3.469e-5
8.177e+3, 3.482e-5
8.211e+3, 3.486e-5
8.245e+3, 3.491e-5
8.279e+3, 3.495e-5
8.296e+3, 3.510e-5
8.313e+3, 3.526e-5
8.347e+3, 3.535e-5
8.381e+3, 3.530e-5
8.415e+3, 3.526e-5
8.432e+3, 3.517e-5
8.441e+3, 3.535e-5
8.449e+3, 3.552e-5
8.466e+3, 3.587e-5
8.466e+3, 3.572e-5
8.500e+3, 3.581e-5
8.526e+3, 3.574e-5
8.534e+3, 3.590e-5
8.551e+3, 3.605e-5
8.571e+3, 3.624e-5
8.602e+3, 3.631e-5
8.637e+3, 3.631e-5
8.671e+3, 3.631e-5
8.688e+3, 3.649e-5
8.705e+3, 3.667e-5
8.724e+3, 3.686e-5
8.756e+3, 3.702e-5
8.781e+3, 3.706e-5
8.793e+3, 3.721e-5
8.815e+3, 3.724e-5
8.824e+3, 3.737e-5
8.858e+3, 3.737e-5
8.892e+3, 3.737e-5
8.926e+3, 3.730e-5
8.963e+3, 3.722e-5
8.985e+3, 3.724e-5
8.994e+3, 3.739e-5
9.014e+3, 3.756e-5
9.045e+3, 3.759e-5
9.079e+3, 3.759e-5
9.116e+3, 3.774e-5
9.139e+3, 3.785e-5
9.147e+3, 3.799e-5
9.167e+3, 3.818e-5
9.198e+3, 3.825e-5
9.224e+3, 3.821e-5
9.232e+3, 3.838e-5
9.266e+3, 3.856e-5
9.300e+3, 3.860e-5
9.334e+3, 3.860e-5
9.368e+3, 3.867e-5
9.402e+3, 3.873e-5
9.436e+3, 3.878e-5
9.470e+3, 3.878e-5
9.505e+3, 3.891e-5
9.530e+3, 3.904e-5
9.539e+3, 3.889e-5
9.556e+3, 3.871e-5
9.573e+3, 3.860e-5
9.592e+3, 3.879e-5
9.615e+3, 3.891e-5
9.624e+3, 3.904e-5
9.658e+3, 3.904e-5
9.683e+3, 3.913e-5
9.683e+3, 3.900e-5
9.695e+3, 3.932e-5
9.709e+3, 3.957e-5
9.726e+3, 3.975e-5
9.760e+3, 3.975e-5
9.794e+3, 3.981e-5
9.828e+3, 3.992e-5
9.828e+3, 3.977e-5
9.848e+3, 3.957e-5
9.865e+3, 3.931e-5
9.887e+3, 3.939e-5
9.896e+3, 3.957e-5
9.913e+3, 3.975e-5
9.922e+3, 3.992e-5
9.947e+3, 3.970e-5
9.967e+3, 3.951e-5
9.998e+3, 3.961e-5
1.002e+4, 3.970e-5
1.003e+4, 3.985e-5
1.006e+4, 3.997e-5
1.007e+4, 4.010e-5
1.010e+4, 4.005e-5
1.013e+4, 3.999e-5
1.017e+4, 3.992e-5
1.020e+4, 3.992e-5
1.023e+4, 3.988e-5
1.024e+4, 4.003e-5
1.027e+4, 4.021e-5
1.029e+4, 4.038e-5
1.031e+4, 4.055e-5
1.034e+4, 4.063e-5
1.037e+4, 4.063e-5
1.041e+4, 4.058e-5
1.044e+4, 4.054e-5
1.047e+4, 4.056e-5
1.049e+4, 4.071e-5
1.051e+4, 4.091e-5
1.053e+4, 4.089e-5
1.054e+4, 4.071e-5
1.056e+4, 4.054e-5
1.058e+4, 4.036e-5
1.061e+4, 4.047e-5
1.064e+4, 4.045e-5
1.068e+4, 4.045e-5
1.071e+4, 4.045e-5
1.075e+4, 4.058e-5
1.077e+4, 4.058e-5
1.078e+4, 4.067e-5
1.081e+4, 4.041e-5
1.082e+4, 4.049e-5
1.085e+4, 4.054e-5
1.088e+4, 4.065e-5
1.090e+4, 4.082e-5
1.093e+4, 4.102e-5
1.097e+4, 4.115e-5
1.099e+4, 4.098e-5
1.100e+4, 4.080e-5
1.102e+4, 4.063e-5
1.103e+4, 4.049e-5
1.105e+4, 4.067e-5
1.109e+4, 4.071e-5
1.112e+4, 4.063e-5
1.116e+4, 4.073e-5
1.118e+4, 4.076e-5
1.119e+4, 4.091e-5
1.121e+4, 4.107e-5
1.123e+4, 4.124e-5
1.124e+4, 4.098e-5
1.124e+4, 4.082e-5
1.126e+4, 4.063e-5
1.126e+4, 4.047e-5
1.127e+4, 4.032e-5
1.129e+4, 4.045e-5
1.133e+4, 4.054e-5
1.136e+4, 4.045e-5
1.139e+4, 4.032e-5
1.141e+4, 4.013e-5
1.144e+4, 4.014e-5
1.145e+4, 4.029e-5
1.148e+4, 4.038e-5
1.151e+4, 4.036e-5
1.155e+4, 4.023e-5
1.155e+4, 4.010e-5
1.158e+4, 4.010e-5
1.162e+4, 4.010e-5
1.165e+4, 3.997e-5
1.167e+4, 3.977e-5
1.168e+4, 3.992e-5
1.169e+4, 4.010e-5
1.170e+4, 4.029e-5
1.172e+4, 4.054e-5
1.173e+4, 4.043e-5
1.177e+4, 4.036e-5
1.179e+4, 4.021e-5
1.181e+4, 4.004e-5
1.183e+4, 3.988e-5
1.184e+4, 4.001e-5
1.187e+4, 4.010e-5
1.189e+4, 3.995e-5
1.192e+4, 3.979e-5
1.196e+4, 3.970e-5
1.199e+4, 3.961e-5
1.202e+4, 3.957e-5
1.206e+4, 3.957e-5
1.209e+4, 3.955e-5
1.213e+4, 3.953e-5
1.216e+4, 3.957e-5
1.219e+4, 3.957e-5
1.223e+4, 3.957e-5
1.226e+4, 3.950e-5
1.230e+4, 3.944e-5
1.230e+4, 3.931e-5
1.233e+4, 3.926e-5
1.233e+4, 3.913e-5
1.236e+4, 3.891e-5
1.236e+4, 3.900e-5
1.240e+4, 3.902e-5
1.243e+4, 3.911e-5
1.247e+4, 3.920e-5
1.250e+4, 3.909e-5
1.252e+4, 3.890e-5
1.255e+4, 3.873e-5
1.259e+4, 3.860e-5
1.262e+4, 3.860e-5
1.265e+4, 3.847e-5
1.269e+4, 3.843e-5
1.272e+4, 3.843e-5
1.276e+4, 3.843e-5
1.279e+4, 3.847e-5
1.282e+4, 3.847e-5
1.286e+4, 3.829e-5
1.286e+4, 3.816e-5
1.288e+4, 3.794e-5
1.289e+4, 3.803e-5
1.291e+4, 3.781e-5
1.293e+4, 3.763e-5
1.296e+4, 3.763e-5
1.299e+4, 3.770e-5
1.302e+4, 3.768e-5
1.303e+4, 3.781e-5
1.305e+4, 3.800e-5
1.308e+4, 3.821e-5
1.308e+4, 3.803e-5
1.310e+4, 3.781e-5
1.310e+4, 3.763e-5
1.311e+4, 3.746e-5
1.313e+4, 3.735e-5
1.316e+4, 3.733e-5
1.320e+4, 3.724e-5
1.320e+4, 3.711e-5
1.323e+4, 3.706e-5
1.323e+4, 3.693e-5
1.327e+4, 3.693e-5
1.327e+4, 3.680e-5
1.329e+4, 3.689e-5
1.330e+4, 3.703e-5
1.333e+4, 3.706e-5
1.337e+4, 3.693e-5
1.339e+4, 3.678e-5
1.342e+4, 3.671e-5
1.342e+4, 3.658e-5
1.345e+4, 3.653e-5
1.345e+4, 3.640e-5
1.348e+4, 3.645e-5
1.349e+4, 3.658e-5
1.351e+4, 3.677e-5
1.353e+4, 3.693e-5
1.354e+4, 3.675e-5
1.356e+4, 3.658e-5
1.357e+4, 3.647e-5
1.361e+4, 3.642e-5
1.364e+4, 3.645e-5
1.367e+4, 3.649e-5
1.371e+4, 3.636e-5
1.373e+4, 3.620e-5
1.373e+4, 3.592e-5
1.374e+4, 3.601e-5
1.376e+4, 3.579e-5
1.378e+4, 3.565e-5
1.381e+4, 3.583e-5
1.384e+4, 3.592e-5
1.388e+4, 3.605e-5
1.388e+4, 3.590e-5
1.390e+4, 3.570e-5
1.390e+4, 3.552e-5
1.391e+4, 3.535e-5
1.393e+4, 3.524e-5
1.396e+4, 3.526e-5
1.400e+4, 3.526e-5
1.403e+4, 3.521e-5
1.407e+4, 3.504e-5
1.410e+4, 3.497e-5
1.413e+4, 3.477e-5
1.413e+4, 3.486e-5
1.415e+4, 3.464e-5
1.417e+4, 3.447e-5
1.419e+4, 3.436e-5
1.422e+4, 3.438e-5
1.425e+4, 3.438e-5
1.429e+4, 3.438e-5
1.432e+4, 3.438e-5
1.434e+4, 3.422e-5
1.436e+4, 3.405e-5
1.436e+4, 3.389e-5
1.439e+4, 3.407e-5
1.442e+4, 3.411e-5
1.443e+4, 3.381e-5
1.444e+4, 3.389e-5
1.445e+4, 3.354e-5
1.446e+4, 3.363e-5
1.447e+4, 3.328e-5
1.448e+4, 3.341e-5
1.450e+4, 3.350e-5
1.451e+4, 3.367e-5
1.453e+4, 3.367e-5
1.454e+4, 3.350e-5
1.456e+4, 3.332e-5
1.458e+4, 3.321e-5
1.461e+4, 3.323e-5
1.464e+4, 3.319e-5
1.464e+4, 3.332e-5
1.467e+4, 3.341e-5
1.468e+4, 3.323e-5
1.470e+4, 3.306e-5
1.471e+4, 3.288e-5
1.473e+4, 3.279e-5
1.475e+4, 3.298e-5
1.477e+4, 3.301e-5
1.478e+4, 3.310e-5
1.481e+4, 3.293e-5
1.483e+4, 3.274e-5
1.487e+4, 3.257e-5
1.487e+4, 3.244e-5
1.489e+4, 3.231e-5
1.490e+4, 3.240e-5
1.493e+4, 3.222e-5
1.493e+4, 3.235e-5
1.497e+4, 3.244e-5
1.499e+4, 3.230e-5
1.502e+4, 3.213e-5
1.504e+4, 3.194e-5
1.505e+4, 3.176e-5
1.507e+4, 3.159e-5
1.509e+4, 3.184e-5
1.510e+4, 3.209e-5
1.511e+4, 3.227e-5
1.512e+4, 3.196e-5
1.513e+4, 3.209e-5
1.515e+4, 3.191e-5
1.516e+4, 3.176e-5
1.517e+4, 3.163e-5
1.521e+4, 3.156e-5
1.524e+4, 3.147e-5
1.528e+4, 3.149e-5
1.531e+4, 3.158e-5
1.533e+4, 3.156e-5
1.534e+4, 3.139e-5
1.536e+4, 3.121e-5
1.538e+4, 3.103e-5
1.539e+4, 3.088e-5
1.541e+4, 3.071e-5
1.544e+4, 3.073e-5
1.548e+4, 3.084e-5
1.551e+4, 3.086e-5
1.553e+4, 3.068e-5
1.555e+4, 3.042e-5
1.556e+4, 3.011e-5
1.556e+4, 3.020e-5
1.557e+4, 2.985e-5
1.558e+4, 3.002e-5
1.560e+4, 3.024e-5
1.561e+4, 3.042e-5
1.563e+4, 3.027e-5
1.566e+4, 3.002e-5
1.567e+4, 3.011e-5
1.570e+4, 3.020e-5
1.573e+4, 3.020e-5
1.573e+4, 3.029e-5
1.575e+4, 3.007e-5
1.577e+4, 2.989e-5
1.578e+4, 2.974e-5
1.580e+4, 2.957e-5
1.584e+4, 2.943e-5
1.587e+4, 2.938e-5
1.590e+4, 2.945e-5
1.590e+4, 2.963e-5
1.592e+4, 2.976e-5
1.594e+4, 2.956e-5
1.596e+4, 2.939e-5
1.599e+4, 2.923e-5
1.599e+4, 2.910e-5
1.601e+4, 2.888e-5
1.602e+4, 2.897e-5
1.606e+4, 2.879e-5
1.609e+4, 2.861e-5
1.613e+4, 2.850e-5
1.616e+4, 2.857e-5
1.619e+4, 2.853e-5
1.619e+4, 2.839e-5
1.623e+4, 2.839e-5
1.626e+4, 2.848e-5
1.630e+4, 2.846e-5
1.632e+4, 2.826e-5
1.633e+4, 2.835e-5
1.635e+4, 2.813e-5
1.636e+4, 2.782e-5
1.636e+4, 2.791e-5
1.640e+4, 2.795e-5
1.643e+4, 2.791e-5
1.647e+4, 2.773e-5
1.650e+4, 2.756e-5
1.653e+4, 2.738e-5
1.655e+4, 2.719e-5
1.658e+4, 2.716e-5
1.662e+4, 2.716e-5
1.665e+4, 2.703e-5
1.669e+4, 2.699e-5
1.671e+4, 2.685e-5
1.672e+4, 2.694e-5
1.674e+4, 2.672e-5
1.675e+4, 2.641e-5
1.676e+4, 2.650e-5
1.676e+4, 2.615e-5
1.677e+4, 2.628e-5
1.679e+4, 2.646e-5
1.681e+4, 2.665e-5
1.684e+4, 2.659e-5
1.684e+4, 2.646e-5
1.687e+4, 2.633e-5
1.688e+4, 2.647e-5
1.690e+4, 2.650e-5
1.691e+4, 2.665e-5
1.694e+4, 2.668e-5
1.694e+4, 2.655e-5
1.697e+4, 2.641e-5
1.698e+4, 2.650e-5
1.699e+4, 2.628e-5
1.701e+4, 2.613e-5
1.703e+4, 2.596e-5
1.705e+4, 2.593e-5
1.706e+4, 2.578e-5
1.710e+4, 2.567e-5
1.711e+4, 2.556e-5
1.715e+4, 2.562e-5
1.718e+4, 2.564e-5
1.721e+4, 2.553e-5
1.725e+4, 2.536e-5
1.728e+4, 2.518e-5
1.732e+4, 2.509e-5
1.735e+4, 2.492e-5
1.738e+4, 2.492e-5
1.742e+4, 2.505e-5
1.744e+4, 2.496e-5
1.744e+4, 2.465e-5
1.745e+4, 2.474e-5
1.747e+4, 2.452e-5
1.750e+4, 2.452e-5
1.754e+4, 2.448e-5
1.754e+4, 2.434e-5
1.757e+4, 2.434e-5
1.761e+4, 2.445e-5
1.764e+4, 2.439e-5
1.764e+4, 2.426e-5
1.767e+4, 2.417e-5
1.771e+4, 2.417e-5
1.773e+4, 2.417e-5
1.774e+4, 2.399e-5
1.776e+4, 2.382e-5
1.779e+4, 2.384e-5
1.783e+4, 2.390e-5
1.786e+4, 2.390e-5
1.790e+4, 2.377e-5
1.790e+4, 2.364e-5
1.793e+4, 2.353e-5
1.796e+4, 2.342e-5
1.800e+4, 2.333e-5
1.803e+4, 2.316e-5
1.805e+4, 2.297e-5
1.808e+4, 2.300e-5
1.812e+4, 2.302e-5
1.815e+4, 2.289e-5
1.818e+4, 2.289e-5
1.824e+4, 2.294e-5
1.825e+4, 2.283e-5
1.829e+4, 2.272e-5
1.829e+4, 2.258e-5
1.832e+4, 2.245e-5
1.835e+4, 2.228e-5
1.839e+4, 2.221e-5
1.842e+4, 2.221e-5
1.846e+4, 2.225e-5
1.849e+4, 2.225e-5
1.853e+4, 2.214e-5
1.854e+4, 2.197e-5
1.856e+4, 2.179e-5
1.858e+4, 2.168e-5
1.861e+4, 2.157e-5
1.864e+4, 2.151e-5
1.868e+4, 2.144e-5
1.871e+4, 2.144e-5
1.875e+4, 2.144e-5
1.878e+4, 2.140e-5
1.881e+4, 2.129e-5
1.885e+4, 2.137e-5
1.887e+4, 2.126e-5
1.888e+4, 2.111e-5
1.890e+4, 2.098e-5
1.892e+4, 2.082e-5
1.892e+4, 2.069e-5
1.894e+4, 2.078e-5
1.895e+4, 2.093e-5
1.898e+4, 2.096e-5
1.902e+4, 2.078e-5
1.905e+4, 2.071e-5
1.909e+4, 2.060e-5
1.909e+4, 2.047e-5
1.911e+4, 2.034e-5
1.912e+4, 2.043e-5
1.915e+4, 2.047e-5
1.919e+4, 2.038e-5
1.922e+4, 2.030e-5
1.926e+4, 2.038e-5
1.928e+4, 2.034e-5
1.933e+4, 2.014e-5
1.936e+4, 1.999e-5
1.939e+4, 1.994e-5
1.943e+4, 1.988e-5
1.944e+4, 1.970e-5
1.946e+4, 1.953e-5
1.949e+4, 1.950e-5
1.950e+4, 1.935e-5
1.953e+4, 1.933e-5
1.956e+4, 1.942e-5
1.960e+4, 1.937e-5
1.963e+4, 1.933e-5
1.967e+4, 1.933e-5
1.970e+4, 1.931e-5
1.973e+4, 1.922e-5
1.977e+4, 1.913e-5
1.980e+4, 1.902e-5
1.984e+4, 1.893e-5
1.987e+4, 1.882e-5
1.989e+4, 1.865e-5
1.992e+4, 1.858e-5
1.995e+4, 1.858e-5
